{"0": {"snr": 1.6605751514434814, "mass1s": 11.0, "mass2s": 11.0, "combined_mass": 22.0, "iters": 0}, "1": {"snr": 1.612164855003357, "mass1s": 12.460310573848458, "mass2s": 13.843140001528957, "combined_mass": 26.303450575377415, "iters": 1}, "2": {"snr": 1.7129236459732056, "mass1s": 11.904375926523699, "mass2s": 15.474044183374676, "combined_mass": 27.378420109898375, "iters": 2}, "3": {"snr": 1.7593449354171753, "mass1s": 11.175859898225518, "mass2s": 14.184025563939729, "combined_mass": 25.359885462165245, "iters": 3}, "4": {"snr": 1.730368733406067, "mass1s": 14.264769113105544, "mass2s": 15.016667051209401, "combined_mass": 29.281436164314947, "iters": 4}, "5": {"snr": 1.6786706447601318, "mass1s": 12.622844036061961, "mass2s": 13.119748400691067, "combined_mass": 25.74259243675303, "iters": 5}, "6": {"snr": 1.7982466220855713, "mass1s": 12.629592770564983, "mass2s": 11.786837465640307, "combined_mass": 24.41643023620529, "iters": 6}, "7": {"snr": 1.8754674196243286, "mass1s": 11.814395703469524, "mass2s": 12.761238412319614, "combined_mass": 24.575634115789136, "iters": 7}, "8": {"snr": 1.6829326152801514, "mass1s": 12.208781123580325, "mass2s": 14.625296825421549, "combined_mass": 26.834077949001873, "iters": 8}, "9": {"snr": 1.816271185874939, "mass1s": 11.508481765151124, "mass2s": 13.254965793847003, "combined_mass": 24.763447558998127, "iters": 9}, "10": {"snr": 1.8685221672058105, "mass1s": 12.150491318196465, "mass2s": 12.753020907651651, "combined_mass": 24.903512225848118, "iters": 10}, "11": {"snr": 1.8551875352859497, "mass1s": 11.750131880604604, "mass2s": 13.22517512158167, "combined_mass": 24.975307002186273, "iters": 11}, "12": {"snr": 1.6966849565505981, "mass1s": 11.034011012155311, "mass2s": 11.45207107937537, "combined_mass": 22.486082091530683, "iters": 12}, "13": {"snr": 1.843014121055603, "mass1s": 11.313746683989176, "mass2s": 11.617933535715022, "combined_mass": 22.931680219704198, "iters": 13}, "14": {"snr": 1.8494292497634888, "mass1s": 13.06006478450446, "mass2s": 14.994165418508889, "combined_mass": 28.054230203013347, "iters": 14}, "15": {"snr": 1.7699637413024902, "mass1s": 14.486288332983085, "mass2s": 14.661620194396917, "combined_mass": 29.147908527380004, "iters": 15}, "16": {"snr": 1.7854143381118774, "mass1s": 12.42476655738184, "mass2s": 12.634198988519291, "combined_mass": 25.05896554590113, "iters": 16}, "17": {"snr": 1.766075849533081, "mass1s": 11.00953864852344, "mass2s": 11.678049046654479, "combined_mass": 22.687587695177918, "iters": 17}, "18": {"snr": 1.6949779987335205, "mass1s": 12.559650103983284, "mass2s": 12.86220131262233, "combined_mass": 25.421851416605612, "iters": 18}, "19": {"snr": 1.7826284170150757, "mass1s": 11.32105650972263, "mass2s": 11.53118562638865, "combined_mass": 22.85224213611128, "iters": 19}, "20": {"snr": 1.7526408433914185, "mass1s": 13.858595254865019, "mass2s": 15.650350290947951, "combined_mass": 29.50894554581297, "iters": 20}, "21": {"snr": 1.7892159223556519, "mass1s": 11.911185548050364, "mass2s": 17.742595932712327, "combined_mass": 29.65378148076269, "iters": 21}, "22": {"snr": 1.8969130516052246, "mass1s": 11.065056711430753, "mass2s": 21.433279791934737, "combined_mass": 32.49833650336549, "iters": 22}, "23": {"snr": 1.9704071283340454, "mass1s": 16.38940216637992, "mass2s": 22.339373823770917, "combined_mass": 38.72877599015084, "iters": 23}, "24": {"snr": 1.978909969329834, "mass1s": 19.272653997075714, "mass2s": 19.446833279944318, "combined_mass": 38.719487277020036, "iters": 24}, "25": {"snr": 1.8763923645019531, "mass1s": 18.876817747805763, "mass2s": 17.868536209024832, "combined_mass": 36.7453539568306, "iters": 25}, "26": {"snr": 1.989352822303772, "mass1s": 19.264915029093174, "mass2s": 21.035203635816085, "combined_mass": 40.30011866490926, "iters": 26}, "27": {"snr": 2.1061949729919434, "mass1s": 19.98499065882956, "mass2s": 21.16242086520909, "combined_mass": 41.147411524038645, "iters": 27}, "28": {"snr": 1.9397778511047363, "mass1s": 20.107309499523293, "mass2s": 19.30087975763407, "combined_mass": 39.40818925715736, "iters": 28}, "29": {"snr": 2.2622923851013184, "mass1s": 22.956559094475168, "mass2s": 20.56499696843868, "combined_mass": 43.521556062913845, "iters": 29}, "30": {"snr": 2.4271152019500732, "mass1s": 26.120374070889778, "mass2s": 25.04814217053948, "combined_mass": 51.16851624142926, "iters": 30}, "31": {"snr": 2.4540810585021973, "mass1s": 24.864906933121947, "mass2s": 26.67374749464507, "combined_mass": 51.538654427767014, "iters": 31}, "32": {"snr": 2.5294978618621826, "mass1s": 24.007068272813022, "mass2s": 28.26652374924058, "combined_mass": 52.273592022053606, "iters": 32}, "33": {"snr": 2.546595573425293, "mass1s": 25.069777175070314, "mass2s": 27.57446571365376, "combined_mass": 52.64424288872407, "iters": 33}, "34": {"snr": 2.4652445316314697, "mass1s": 24.546055859425973, "mass2s": 25.80098437007238, "combined_mass": 50.347040229498354, "iters": 34}, "35": {"snr": 2.4711151123046875, "mass1s": 22.325469666016236, "mass2s": 25.43289023779159, "combined_mass": 47.75835990380783, "iters": 35}, "36": {"snr": 2.070207118988037, "mass1s": 19.484389290593825, "mass2s": 22.971354297637593, "combined_mass": 42.455743588231414, "iters": 36}, "37": {"snr": 2.141279458999634, "mass1s": 19.57217506474424, "mass2s": 23.57873667257819, "combined_mass": 43.15091173732243, "iters": 37}, "38": {"snr": 2.1114368438720703, "mass1s": 19.12190625350098, "mass2s": 23.866359939323065, "combined_mass": 42.98826619282404, "iters": 38}, "39": {"snr": 2.3159539699554443, "mass1s": 20.36524211090395, "mass2s": 23.83242051103348, "combined_mass": 44.197662621937425, "iters": 39}, "40": {"snr": 2.407492160797119, "mass1s": 21.890953222647138, "mass2s": 24.484691939363707, "combined_mass": 46.37564516201084, "iters": 40}, "41": {"snr": 2.3480846881866455, "mass1s": 22.31405132746053, "mass2s": 22.461963992267616, "combined_mass": 44.776015319728145, "iters": 41}, "42": {"snr": 2.426706314086914, "mass1s": 22.907461707984186, "mass2s": 23.090764537709504, "combined_mass": 45.99822624569369, "iters": 42}, "43": {"snr": 2.3356504440307617, "mass1s": 21.148556863193814, "mass2s": 23.589272983396583, "combined_mass": 44.7378298465904, "iters": 43}, "44": {"snr": 2.479274272918701, "mass1s": 22.373179958012926, "mass2s": 24.685867227105764, "combined_mass": 47.059047185118686, "iters": 44}, "45": {"snr": 2.406404972076416, "mass1s": 21.262830807634, "mass2s": 25.16651897080908, "combined_mass": 46.42934977844308, "iters": 45}, "46": {"snr": 2.297872543334961, "mass1s": 21.520798235460013, "mass2s": 22.64525496619974, "combined_mass": 44.16605320165975, "iters": 46}, "47": {"snr": 2.2989163398742676, "mass1s": 21.520238089839957, "mass2s": 22.61641844005878, "combined_mass": 44.13665652989874, "iters": 47}, "48": {"snr": 1.9421782493591309, "mass1s": 19.443038207394064, "mass2s": 16.774581049321995, "combined_mass": 36.21761925671606, "iters": 48}, "49": {"snr": 1.7477787733078003, "mass1s": 14.587115470114368, "mass2s": 13.122841773955738, "combined_mass": 27.709957244070104, "iters": 49}, "50": {"snr": 1.7130234241485596, "mass1s": 16.035270394602094, "mass2s": 11.472598996813247, "combined_mass": 27.50786939141534, "iters": 50}, "51": {"snr": 1.6713894605636597, "mass1s": 15.057655999154889, "mass2s": 11.035923596336033, "combined_mass": 26.093579595490922, "iters": 51}, "52": {"snr": 1.6780335903167725, "mass1s": 15.207507464568483, "mass2s": 11.790624407592347, "combined_mass": 26.99813187216083, "iters": 52}, "53": {"snr": 1.8202245235443115, "mass1s": 17.382459177749965, "mass2s": 12.603206698795193, "combined_mass": 29.985665876545156, "iters": 53}, "54": {"snr": 1.7816470861434937, "mass1s": 15.574255431689492, "mass2s": 12.110356470799447, "combined_mass": 27.68461190248894, "iters": 54}, "55": {"snr": 2.0083107948303223, "mass1s": 17.810389546466695, "mass2s": 15.516939210806154, "combined_mass": 33.32732875727285, "iters": 55},