{"0": {"snr": 1.6556990146636963, "mass1s": 11.0, "mass2s": 11.0, "combined_mass": 22.0, "iters": 0}, "1": {"snr": 3.0159780979156494, "mass1s": 14.000541861327859, "mass2s": 15.383371289008357, "combined_mass": 29.383913150336216, "iters": 1}, "2": {"snr": 3.196157217025757, "mass1s": 15.83286600460042, "mass2s": 19.237309315347407, "combined_mass": 35.07017531994783, "iters": 2}, "3": {"snr": 3.0827014446258545, "mass1s": 15.99985911421303, "mass2s": 20.29617218830369, "combined_mass": 36.296031302516724, "iters": 3}, "4": {"snr": 3.1054725646972656, "mass1s": 19.46011189706047, "mass2s": 21.826942107608808, "combined_mass": 41.28705400466928, "iters": 4}, "5": {"snr": 3.0999555587768555, "mass1s": 16.539020041467335, "mass2s": 18.808646336364664, "combined_mass": 35.347666377832, "iters": 5}, "6": {"snr": 2.9382967948913574, "mass1s": 13.053133309496598, "mass2s": 16.32751055865637, "combined_mass": 29.38064386815297, "iters": 6}, "7": {"snr": 3.129856824874878, "mass1s": 15.257729413836733, "mass2s": 19.678232672089447, "combined_mass": 34.93596208592618, "iters": 7}, "8": {"snr": 3.0599896907806396, "mass1s": 16.866764950808403, "mass2s": 22.37494953251661, "combined_mass": 39.24171448332501, "iters": 8}, "9": {"snr": 3.1024534702301025, "mass1s": 17.54900511470101, "mass2s": 22.586354198051318, "combined_mass": 40.13535931275233, "iters": 9}, "10": {"snr": 3.113034248352051, "mass1s": 18.89115578472309, "mass2s": 19.78779632526791, "combined_mass": 38.678952109991, "iters": 10}, "11": {"snr": 3.151062488555908, "mass1s": 16.981571967696045, "mass2s": 18.832538692381387, "combined_mass": 35.81411066007743, "iters": 11}, "12": {"snr": 3.066624879837036, "mass1s": 17.810627543562045, "mass2s": 19.071182352269076, "combined_mass": 36.881809895831125, "iters": 12}, "13": {"snr": 3.127692222595215, "mass1s": 19.37042713208912, "mass2s": 21.465135699614347, "combined_mass": 40.83556283170347, "iters": 13}, "14": {"snr": 2.9674952030181885, "mass1s": 20.52293916698541, "mass2s": 24.194671290544296, "combined_mass": 44.7176104575297, "iters": 14}, "15": {"snr": 3.019463062286377, "mass1s": 22.21129922874297, "mass2s": 21.947763850052542, "combined_mass": 44.15906307879551, "iters": 15}, "16": {"snr": 2.8456764221191406, "mass1s": 24.37816356879462, "mass2s": 24.135760757988034, "combined_mass": 48.51392432678266, "iters": 16}, "17": {"snr": 2.9368889331817627, "mass1s": 23.314728200499236, "mass2s": 21.450941172502564, "combined_mass": 44.7656693730018, "iters": 17}, "18": {"snr": 2.945343494415283, "mass1s": 24.253682462813153, "mass2s": 21.375330651096633, "combined_mass": 45.629013113909785, "iters": 18}, "19": {"snr": 2.843019962310791, "mass1s": 25.897336032373833, "mass2s": 21.07361626339372, "combined_mass": 46.97095229576755, "iters": 19}, "20": {"snr": 3.0597150325775146, "mass1s": 22.380722571929788, "mass2s": 19.132746220764417, "combined_mass": 41.513468792694205, "iters": 20}, "21": {"snr": 3.180863380432129, "mass1s": 18.83336491710636, "mass2s": 19.595903604158035, "combined_mass": 38.42926852126439, "iters": 21}, "22": {"snr": 3.085927724838257, "mass1s": 17.89726355499261, "mass2s": 22.95867045378839, "combined_mass": 40.855934008781, "iters": 22}, "23": {"snr": 2.917051076889038, "mass1s": 22.30397793515559, "mass2s": 24.170031700399655, "combined_mass": 46.47400963555525, "iters": 23}, "24": {"snr": 3.009402275085449, "mass1s": 23.28835888055206, "mass2s": 19.71422367031354, "combined_mass": 43.0025825508656, "iters": 24}, "25": {"snr": 3.105790853500366, "mass1s": 22.926706871079727, "mass2s": 17.99198018274872, "combined_mass": 40.91868705382845, "iters": 25}, "26": {"snr": 3.0237743854522705, "mass1s": 22.973897158250733, "mass2s": 21.12809610254922, "combined_mass": 44.10199326079996, "iters": 26}, "27": {"snr": 2.999706506729126, "mass1s": 23.530538716383237, "mass2s": 20.964043091888257, "combined_mass": 44.49458180827149, "iters": 27}}