{"0": {"snr": 2.1365084648132324, "mass1s": 11.0, "mass2s": 11.0, "combined_mass": 22.0, "iters": 0}, "1": {"snr": 3.325587749481201, "mass1s": 29.25613739636776, "mass2s": 30.63896682404826, "combined_mass": 59.895104220416016, "iters": 1}, "2": {"snr": 3.050595998764038, "mass1s": 30.06654489685525, "mass2s": 33.59596620603774, "combined_mass": 63.662511102892985, "iters": 2}, "3": {"snr": 2.76633882522583, "mass1s": 31.619084871409576, "mass2s": 35.984259053773506, "combined_mass": 67.60334392518308, "iters": 3}, "4": {"snr": 3.1874594688415527, "mass1s": 31.447576595092016, "mass2s": 34.350638304805656, "combined_mass": 65.79821489989767, "iters": 4}, "5": {"snr": 3.015793800354004, "mass1s": 29.443623379336383, "mass2s": 32.13966109061531, "combined_mass": 61.58328446995169, "iters": 5}, "6": {"snr": 3.0237436294555664, "mass1s": 25.65598536157425, "mass2s": 29.283361593848984, "combined_mass": 54.93934695542323, "iters": 6}, "7": {"snr": 3.0150794982910156, "mass1s": 26.75816021199478, "mass2s": 31.863111291477196, "combined_mass": 58.621271503471974, "iters": 7}, "8": {"snr": 2.915245294570923, "mass1s": 28.50425190595936, "mass2s": 34.85557531281592, "combined_mass": 63.35982721877528, "iters": 8}, "9": {"snr": 2.9950850009918213, "mass1s": 30.552637788694714, "mass2s": 36.24342123384186, "combined_mass": 66.79605902253657, "iters": 9}, "10": {"snr": 3.2403571605682373, "mass1s": 31.552764296305103, "mass2s": 32.937464487490864, "combined_mass": 64.49022878379597, "iters": 10}, "11": {"snr": 3.1973419189453125, "mass1s": 31.685177777876348, "mass2s": 33.94475772195325, "combined_mass": 65.6299354998296, "iters": 11}, "12": {"snr": 3.2462639808654785, "mass1s": 31.512929910057174, "mass2s": 33.29092649208569, "combined_mass": 64.80385640214286, "iters": 12}, "13": {"snr": 3.24556303024292, "mass1s": 31.013411537249066, "mass2s": 33.707001939426576, "combined_mass": 64.72041347667565, "iters": 13}, "14": {"snr": 2.8599443435668945, "mass1s": 31.26315588612417, "mass2s": 37.68478194737188, "combined_mass": 68.94793783349606, "iters": 14}, "15": {"snr": 3.084089756011963, "mass1s": 35.58417939901689, "mass2s": 37.788349333871686, "combined_mass": 73.37252873288858, "iters": 15}, "16": {"snr": 3.0063018798828125, "mass1s": 36.91116106164756, "mass2s": 39.17267245942129, "combined_mass": 76.08383352106885, "iters": 16}, "17": {"snr": 3.139763593673706, "mass1s": 38.08440063542839, "mass2s": 38.69458791865361, "combined_mass": 76.77898855408199, "iters": 17}, "18": {"snr": 3.3761868476867676, "mass1s": 41.02853287989382, "mass2s": 40.69361513809813, "combined_mass": 81.72214801799194, "iters": 18}, "19": {"snr": 3.3769052028656006, "mass1s": 42.007210174859836, "mass2s": 39.629294278618254, "combined_mass": 81.6365044534781, "iters": 19}, "20": {"snr": 3.140737771987915, "mass1s": 38.76353933842705, "mass2s": 38.02220875612812, "combined_mass": 76.78574809455517, "iters": 20}, "21": {"snr": 3.2849106788635254, "mass1s": 37.3777848976611, "mass2s": 40.73796867553144, "combined_mass": 78.11575357319253, "iters": 21}, "22": {"snr": 3.2965641021728516, "mass1s": 38.27560442323705, "mass2s": 45.74694439171363, "combined_mass": 84.02254881495068, "iters": 22}, "23": {"snr": 3.1331186294555664, "mass1s": 40.72336268860969, "mass2s": 45.43360582555282, "combined_mass": 86.15696851416251, "iters": 23}, "24": {"snr": 3.264345407485962, "mass1s": 42.41731657182257, "mass2s": 41.930628730259286, "combined_mass": 84.34794530208185, "iters": 24}, "25": {"snr": 3.2631821632385254, "mass1s": 43.00452647829171, "mass2s": 41.37344176177543, "combined_mass": 84.37796824006713, "iters": 25}, "26": {"snr": 3.2842652797698975, "mass1s": 41.489461135223706, "mass2s": 42.48542032505791, "combined_mass": 83.97488146028161, "iters": 26}, "27": {"snr": 3.1795525550842285, "mass1s": 42.4646357964137, "mass2s": 42.819695465258526, "combined_mass": 85.28433126167224, "iters": 27}, "28": {"snr": 3.3746800422668457, "mass1s": 41.60932642504471, "mass2s": 40.07184678937822, "combined_mass": 81.68117321442293, "iters": 28}, "29": {"snr": 3.233285665512085, "mass1s": 43.951216102086114, "mass2s": 40.832139671607, "combined_mass": 84.78335577369312, "iters": 29}, "30": {"snr": 3.039546012878418, "mass1s": 45.163609335130744, "mass2s": 43.271670282737745, "combined_mass": 88.43527961786849, "iters": 30}, "31": {"snr": 3.1254680156707764, "mass1s": 44.189218024925005, "mass2s": 45.08242969597447, "combined_mass": 89.27164772089947, "iters": 31}, "32": {"snr": 3.1753273010253906, "mass1s": 43.12866489211857, "mass2s": 46.72301632223535, "combined_mass": 89.85168121435393, "iters": 32}, "33": {"snr": 3.2027060985565186, "mass1s": 44.23101636311111, "mass2s": 45.91709920267471, "combined_mass": 90.14811556578582, "iters": 33}, "34": {"snr": 3.0552101135253906, "mass1s": 44.16265050403177, "mass2s": 44.436897898005704, "combined_mass": 88.59954840203747, "iters": 34}, "35": {"snr": 2.9982187747955322, "mass1s": 42.667966441029776, "mass2s": 45.002489466584734, "combined_mass": 87.67045590761451, "iters": 35}, "36": {"snr": 3.3760368824005127, "mass1s": 39.873552291970455, "mass2s": 42.62830948721978, "combined_mass": 82.50186177919024, "iters": 36}, "37": {"snr": 3.378296136856079, "mass1s": 39.6462793790053, "mass2s": 42.805841378834764, "combined_mass": 82.45212075784006, "iters": 37}, "38": {"snr": 3.3288733959198, "mass1s": 37.20329093069903, "mass2s": 41.26451597959139, "combined_mass": 78.46780691029042, "iters": 38}, "39": {"snr": 3.380308151245117, "mass1s": 38.571806989826634, "mass2s": 40.97952609517609, "combined_mass": 79.55133308500272, "iters": 39}, "40": {"snr": 3.3747122287750244, "mass1s": 40.647504562996524, "mass2s": 41.870757460362164, "combined_mass": 82.51826202335869, "iters": 40}, "41": {"snr": 3.408118963241577, "mass1s": 40.90583262028832, "mass2s": 39.297574591502446, "combined_mass": 80.20340721179076, "iters": 41}, "42": {"snr": 3.382657527923584, "mass1s": 40.494618749459065, "mass2s": 38.93479764231388, "combined_mass": 79.42941639177295, "iters": 42}, "43": {"snr": 3.3818020820617676, "mass1s": 39.07023094060314, "mass2s": 40.135341584654995, "combined_mass": 79.20557252525813, "iters": 43}, "44": {"snr": 3.37520694732666, "mass1s": 39.38450721155835, "mass2s": 40.33563465056312, "combined_mass": 79.72014186212147, "iters": 44}, "45": {"snr": 3.1720807552337646, "mass1s": 37.07462007900043, "mass2s": 39.952713478209276, "combined_mass": 77.02733355720972, "iters": 45}, "46": {"snr": 3.101254940032959, "mass1s": 38.13454245183663, "mass2s": 38.4176288272505, "combined_mass": 76.55217127908713, "iters": 46}, "47": {"snr": 3.3714842796325684, "mass1s": 39.35201661145905, "mass2s": 39.56414281231957, "combined_mass": 78.91615942377862, "iters": 47}, "48": {"snr": 3.133183717727661, "mass1s": 38.00780953770911, "mass2s": 34.77346850619598, "combined_mass": 72.78127804390509, "iters": 48}, "49": {"snr": 2.9328651428222656, "mass1s": 35.60197135530329, "mass2s": 33.528158447883676, "combined_mass": 69.13012980318697, "iters": 49}, "50": {"snr": 3.027411937713623, "mass1s": 39.23878544401618, "mass2s": 34.62347346481609, "combined_mass": 73.86225890883227, "iters": 50}, "51": {"snr": 3.123460292816162, "mass1s": 39.52781100191736, "mass2s": 33.65929050033144, "combined_mass": 73.1871015022488, "iters": 51}, "52": {"snr": 2.832881212234497, "mass1s": 41.42676637112173, "mass2s": 33.849521928424686, "combined_mass": 75.27628829954642, "iters": 52}, "53": {"snr": 3.108119249343872, "mass1s": 42.297932537191485, "mass2s": 31.53508715555827, "combined_mass": 73.83301969274976, "iters": 53}, "54": {"snr": 3.0124104022979736, "mass1s": 40.280142543329234, "mass2s": 29.572987873257798, "combined_mass": 69.85313041658704, "iters": 54}, "55": {"snr": 3.1185426712036133, "mass1s": 41.6668131356722, "mass2s": 31.962854431032603, "combined_mass": 73.6296675667048, "iters": 55}, "56": {"snr": 3.028740882873535, "mass1s": 39.57688011202435, "mass2s": 34.310523215862155,