{"0": {"snr": 2.8050143718719482, "mass1s": 11.0, "mass2s": 11.0, "combined_mass": 22.0, "iters": 0}, "1": {"snr": 2.7480368614196777, "mass1s": 11.807606552568702, "mass2s": 11.803261336990692, "combined_mass": 23.610867889559394, "iters": 1}, "2": {"snr": 3.53332781791687, "mass1s": 14.155824512789199, "mass2s": 16.327700789192054, "combined_mass": 30.483525301981253, "iters": 2}, "3": {"snr": 3.6565802097320557, "mass1s": 13.90071936063195, "mass2s": 17.161455438181083, "combined_mass": 31.062174798813032, "iters": 3}, "4": {"snr": 3.582815647125244, "mass1s": 16.78317552036862, "mass2s": 18.260643353654338, "combined_mass": 35.04381887402296, "iters": 4}, "5": {"snr": 3.4972217082977295, "mass1s": 13.946532017231577, "mass2s": 15.287171988914825, "combined_mass": 29.233704006146404, "iters": 5}, "6": {"snr": 2.630986452102661, "mass1s": 12.629592770564983, "mass2s": 13.19109624589882, "combined_mass": 25.820689016463803, "iters": 6}, "7": {"snr": 2.563062906265259, "mass1s": 11.1774097656376, "mass2s": 13.502329851664339, "combined_mass": 24.67973961730194, "iters": 7}, "8": {"snr": 2.6718876361846924, "mass1s": 11.099701361451212, "mass2s": 14.725389949700174, "combined_mass": 25.825091311151386, "iters": 8}, "9": {"snr": 3.6518595218658447, "mass1s": 14.264509271536037, "mass2s": 16.930713618524074, "combined_mass": 31.19522289006011, "iters": 9}, "10": {"snr": 3.516007661819458, "mass1s": 15.889116235260241, "mass2s": 14.317905060466062, "combined_mass": 30.207021295726303, "iters": 10}, "11": {"snr": 3.6509087085723877, "mass1s": 15.845241672751348, "mass2s": 15.215603366827745, "combined_mass": 31.060845039579092, "iters": 11}, "12": {"snr": 3.512631416320801, "mass1s": 15.166304899052319, "mass2s": 14.008084296260034, "combined_mass": 29.17438919531235, "iters": 12}, "13": {"snr": 2.65849232673645, "mass1s": 13.136830438774156, "mass2s": 12.77317652922256, "combined_mass": 25.910006967996715, "iters": 13}, "14": {"snr": 3.7366011142730713, "mass1s": 15.815325069650616, "mass2s": 17.17067300978998, "combined_mass": 32.98599807944059, "iters": 14}, "15": {"snr": 3.634200096130371, "mass1s": 16.897477256892966, "mass2s": 16.444413084852496, "combined_mass": 33.34189034174546, "iters": 15}, "16": {"snr": 3.6369760036468506, "mass1s": 16.88617775893302, "mass2s": 16.43991940163417, "combined_mass": 33.32609716056719, "iters": 16}, "17": {"snr": 3.518828868865967, "mass1s": 15.839229741253915, "mass2s": 14.698513120978532, "combined_mass": 30.53774286223245, "iters": 17}, "18": {"snr": 3.644693613052368, "mass1s": 16.379796382708264, "mass2s": 14.767374849469844, "combined_mass": 31.14717123217811, "iters": 18}, "19": {"snr": 3.5410988330841064, "mass1s": 15.85480023089277, "mass2s": 13.270969188958727, "combined_mass": 29.125769419851498, "iters": 19}, "20": {"snr": 3.290264844894409, "mass1s": 14.896024548840728, "mass2s": 13.006847548374532, "combined_mass": 27.90287209721526, "iters": 20}, "21": {"snr": 3.6427671909332275, "mass1s": 16.8707235443271, "mass2s": 16.969849642120902, "combined_mass": 33.840573186448, "iters": 21}, "22": {"snr": 3.424468517303467, "mass1s": 17.461662420333983, "mass2s": 19.290282007697765, "combined_mass": 36.75194442803175, "iters": 22}, "23": {"snr": 3.6406354904174805, "mass1s": 16.50358814187534, "mass2s": 17.27442794058951, "combined_mass": 33.77801608246485, "iters": 23}, "24": {"snr": 3.649810314178467, "mass1s": 16.25370308893807, "mass2s": 14.849281447041129, "combined_mass": 31.1029845359792, "iters": 24}, "25": {"snr": 3.5328259468078613, "mass1s": 15.83742192248481, "mass2s": 13.85409943733784, "combined_mass": 29.69152135982265, "iters": 25}, "26": {"snr": 2.72094988822937, "mass1s": 13.678247975831825, "mass2s": 12.600208885643934, "combined_mass": 26.27845686147576, "iters": 26}, "27": {"snr": 3.6004881858825684, "mass1s": 18.5585982023155, "mass2s": 16.968059335604803, "combined_mass": 35.5266575379203, "iters": 27}, "28": {"snr": 3.694481134414673, "mass1s": 18.445254622258723, "mass2s": 14.814443451845541, "combined_mass": 33.259698074104264, "iters": 28}, "29": {"snr": 3.7312710285186768, "mass1s": 19.08727169828069, "mass2s": 13.502801105750432, "combined_mass": 32.590072804031124, "iters": 29}, "30": {"snr": 3.0528266429901123, "mass1s": 21.891842276343954, "mass2s": 18.172130775219813, "combined_mass": 40.063973051563764, "iters": 30}, "31": {"snr": 2.977736234664917, "mass1s": 20.486367709038365, "mass2s": 19.942770169493574, "combined_mass": 40.42913787853194, "iters": 31}, "32": {"snr": 3.345162868499756, "mass1s": 17.418993614398936, "mass2s": 19.557626651521947, "combined_mass": 36.976620265920886, "iters": 32}, "33": {"snr": 3.7395451068878174, "mass1s": 16.29675334219046, "mass2s": 16.645967375455726, "combined_mass": 32.94272071764618, "iters": 33}, "34": {"snr": 3.528167724609375, "mass1s": 15.860445714736825, "mass2s": 14.798278724964565, "combined_mass": 30.658724439701388, "iters": 34}, "35": {"snr": 3.717092275619507, "mass1s": 15.235119059238706, "mass2s": 16.264008388876974, "combined_mass": 31.49912744811568, "iters": 35}, "36": {"snr": 3.6556997299194336, "mass1s": 14.833426582809237, "mass2s": 16.153235048070226, "combined_mass": 30.98666163087946, "iters": 36}, "37": {"snr": 3.749363422393799, "mass1s": 15.356228281822064, "mass2s": 17.054400623808753, "combined_mass": 32.410628905630816, "iters": 37}, "38": {"snr": 2.637158155441284, "mass1s": 11.661737175534043, "mass2s": 14.319700997717092, "combined_mass": 25.981438173251135, "iters": 38}, "39": {"snr": 3.4793596267700195, "mass1s": 13.835482686870865, "mass2s": 14.672662690399854, "combined_mass": 28.50814537727072, "iters": 39}, "40": {"snr": 3.64123272895813, "mass1s": 17.07887965155871, "mass2s": 16.74886755395589, "combined_mass": 33.8277472055146, "iters": 40}, "41": {"snr": 3.6125590801239014, "mass1s": 18.273300729872066, "mass2s": 15.221748966692214, "combined_mass": 33.49504969656428, "iters": 41}, "42": {"snr": 3.6649374961853027, "mass1s": 17.03390793498697, "mass2s": 14.073156472791426, "combined_mass": 31.107064407778395, "iters": 42}, "43": {"snr": 3.639507532119751, "mass1s": 15.882146950926884, "mass2s": 15.39423977055501, "combined_mass": 31.276386721481895, "iters": 43}, "44": {"snr": 3.644570827484131, "mass1s": 17.163466133466045, "mass2s": 16.593136146695624, "combined_mass": 33.75660228016167, "iters": 44}, "45": {"snr": 3.4844892024993896, "mass1s": 14.254170505098395, "mass2s": 15.536511891313138, "combined_mass": 29.790682396411533, "iters": 45}, "46": {"snr": 2.526555299758911, "mass1s": 12.89121060397875, "mass2s": 11.821954708568347, "combined_mass": 24.713165312547098, "iters": 46}, "47": {"snr": 2.788017749786377, "mass1s": 11.21533472857882, "mass2s": 11.151198182770878, "combined_mass": 22.3665329113497, "iters": 47}, "48": {"snr": 3.399970531463623, "mass1s": 12.577770645454203, "mass2s": 15.88726729219795, "combined_mass": 28.465037937652156, "iters": 48}, "49": {"snr": 3.433741331100464, "mass1s": 12.212471698622092, "mass2s": 16.419573809120116, "combined_mass": 28.63204550774221, "iters": 49}, "50": {"snr": 3.472224712371826, "mass1s": 17.78254907883787, "mass2s": 18.4356004833574, "combined_mass": 36.21814956219527, "iters": 50}, "51": {"snr": 3.1171445846557617, "mass1s": 19.487707785465528, "mass2s": 18.78292326785714, "combined_mass": 38.27063105332267, "iters": 51}, "52": {"snr": 2.9845192432403564, "mass1s": 22.03233956726922, "mass2s": 19.48436302243554, "combined_mass": 41.516702589704764, "iters": 52}, "53": {"snr": 2.987797498703003, "mass1s": 23.41406241950619, "mass2s": 17.26557596230388, "combined_mass": 40.67963838181007, "iters": 53}, "54": {"snr": 3.6523935794830322, "mass1s": 20.675637540511623, "mass2s": 14.504999454997781, "combined_mass": 35.1806369955094, "iters": 54}, "55": {"snr": 3.657151222229004, "mass1s": 20.273654826191553, "mass2s": 14.770048220446373, "combined_mass": 35.04370304663793, "iters": 55}, "56": {"snr": 3.4849467277526855,