{"0": {"snr": 1.6823606491088867, "mass1s": 11.0, "mass2s": 11.0, "combined_mass": 22.0, "iters": 0}, "1": {"snr": 2.1669702529907227, "mass1s": 14.130777771743508, "mass2s": 15.513607199424007, "combined_mass": 29.644384971167515, "iters": 1}, "2": {"snr": 2.8585636615753174, "mass1s": 19.166545293226136, "mass2s": 22.35027382626507, "combined_mass": 41.5168191194912, "iters": 2}, "3": {"snr": 2.6972339153289795, "mass1s": 17.101167461870354, "mass2s": 21.5010425520011, "combined_mass": 38.602210013871456, "iters": 3}, "4": {"snr": 3.1881253719329834, "mass1s": 23.889594031119543, "mass2s": 25.66266116217364, "combined_mass": 49.552255193293185, "iters": 4}, "5": {"snr": 3.350118637084961, "mass1s": 25.674252015070703, "mass2s": 27.043326085600174, "combined_mass": 52.71757810067088, "iters": 5}, "6": {"snr": 3.2787275314331055, "mass1s": 24.17819010899778, "mass2s": 26.36560990161351, "combined_mass": 50.54380001061129, "iters": 6}, "7": {"snr": 3.0235085487365723, "mass1s": 20.090718387543692, "mass2s": 24.176717412123192, "combined_mass": 44.267435799666885, "iters": 7}, "8": {"snr": 2.5383799076080322, "mass1s": 15.509039267208689, "mass2s": 21.65574812605263, "combined_mass": 37.16478739326132, "iters": 8}, "9": {"snr": 2.266101121902466, "mass1s": 11.508481765151124, "mass2s": 16.25335498119302, "combined_mass": 27.761836746344144, "iters": 9}, "10": {"snr": 1.9730110168457031, "mass1s": 13.685584512085029, "mass2s": 12.753020907651651, "combined_mass": 26.43860541973668, "iters": 10}, "11": {"snr": 2.5380780696868896, "mass1s": 20.03336005074608, "mass2s": 20.33655627236378, "combined_mass": 40.36991632310986, "iters": 11}, "12": {"snr": 2.4685866832733154, "mass1s": 15.335495822098625, "mass2s": 15.220490165446295, "combined_mass": 30.555985987544922, "iters": 12}, "13": {"snr": 1.548374891281128, "mass1s": 11.313746683989176, "mass2s": 11.617933535715022, "combined_mass": 22.931680219704198, "iters": 13}, "14": {"snr": 3.042041778564453, "mass1s": 23.835715568877742, "mass2s": 25.457834629181267, "combined_mass": 49.29355019805901, "iters": 14}, "15": {"snr": 3.4623053073883057, "mass1s": 28.078366090214974, "mass2s": 27.773087772845273, "combined_mass": 55.85145386306024, "iters": 15}, "16": {"snr": 3.5065393447875977, "mass1s": 30.404625830331238, "mass2s": 30.119718584894816, "combined_mass": 60.524344415226054, "iters": 16}, "17": {"snr": 3.3890323638916016, "mass1s": 30.288921105639478, "mass2s": 29.315818233038687, "combined_mass": 59.604739338678165, "iters": 17}, "18": {"snr": 3.0639941692352295, "mass1s": 31.824280657386574, "mass2s": 30.49268039646509, "combined_mass": 62.316961053851664, "iters": 18}, "19": {"snr": 3.46685791015625, "mass1s": 31.14545818688984, "mass2s": 28.95227956416862, "combined_mass": 60.09773775105846, "iters": 19}, "20": {"snr": 3.498546838760376, "mass1s": 31.069357889940427, "mass2s": 29.605371328135575, "combined_mass": 60.674729218076, "iters": 20}, "21": {"snr": 3.3742475509643555, "mass1s": 29.63170102286891, "mass2s": 29.862518052314076, "combined_mass": 59.49421907518298, "iters": 21}, "22": {"snr": 3.0527329444885254, "mass1s": 30.60938143275126, "mass2s": 32.55999388863126, "combined_mass": 63.16937532138252, "iters": 22}, "23": {"snr": 3.33132004737854, "mass1s": 32.56158860384897, "mass2s": 33.28242202519732, "combined_mass": 65.8440106290463, "iters": 23}, "24": {"snr": 3.3616254329681396, "mass1s": 33.248514305151254, "mass2s": 31.785967051073257, "combined_mass": 65.03448135622452, "iters": 24}, "25": {"snr": 3.356090545654297, "mass1s": 33.53781699979569, "mass2s": 31.623310601536655, "combined_mass": 65.16112760133234, "iters": 25}, "26": {"snr": 3.353726625442505, "mass1s": 32.75352294605819, "mass2s": 31.964312497657094, "combined_mass": 64.71783544371529, "iters": 26}, "27": {"snr": 3.29091739654541, "mass1s": 33.65163715736251, "mass2s": 32.612970481797475, "combined_mass": 66.26460763915998, "iters": 27}, "28": {"snr": 3.137284994125366, "mass1s": 32.71807626050149, "mass2s": 30.878970470125726, "combined_mass": 63.59704673062721, "iters": 28}, "29": {"snr": 3.31402325630188, "mass1s": 36.2784308530101, "mass2s": 32.76764044044831, "combined_mass": 69.04607129345841, "iters": 29}, "30": {"snr": 3.334380626678467, "mass1s": 39.24864922090929, "mass2s": 37.14939424661594, "combined_mass": 76.39804346752524, "iters": 30}, "31": {"snr": 3.4903135299682617, "mass1s": 38.604399012877614, "mass2s": 39.64871057841021, "combined_mass": 78.25310959128782, "iters": 31}, "32": {"snr": 3.521587610244751, "mass1s": 37.481026760528344, "mass2s": 41.23352215459723, "combined_mass": 78.71454891512558, "iters": 32}, "33": {"snr": 3.5130434036254883, "mass1s": 38.34089229292714, "mass2s": 40.21974675568917, "combined_mass": 78.56063904861631, "iters": 33}, "34": {"snr": 3.4043490886688232, "mass1s": 38.17949944837971, "mass2s": 38.67499905880254, "combined_mass": 76.85449850718226, "iters": 34}, "35": {"snr": 3.3123533725738525, "mass1s": 36.84336592830397, "mass2s": 39.35665751914395, "combined_mass": 76.20002344744792, "iters": 35}, "36": {"snr": 3.182217836380005, "mass1s": 34.996586536347294, "mass2s": 37.866349457121096, "combined_mass": 72.8629359934684, "iters": 36}, "37": {"snr": 3.2308337688446045, "mass1s": 34.36256565252397, "mass2s": 37.64499204680316, "combined_mass": 72.00755769932712, "iters": 37}, "38": {"snr": 3.2133371829986572, "mass1s": 32.24737648845234, "mass2s": 36.377823065141456, "combined_mass": 68.6251995535938, "iters": 38}, "39": {"snr": 3.2061328887939453, "mass1s": 34.44888202238604, "mass2s": 37.00011733805811, "combined_mass": 71.44899936044415, "iters": 39}, "40": {"snr": 3.229607105255127, "mass1s": 37.02313866407553, "mass2s": 38.433113301993295, "combined_mass": 75.45625196606883, "iters": 40}, "41": {"snr": 3.1991748809814453, "mass1s": 38.2804506638172, "mass2s": 36.96903353879384, "combined_mass": 75.24948420261103, "iters": 41}, "42": {"snr": 3.249613046646118, "mass1s": 38.42211109843015, "mass2s": 37.17636413427281, "combined_mass": 75.59847523270295, "iters": 42}, "43": {"snr": 3.41568660736084, "mass1s": 37.84169227801328, "mass2s": 39.10816420740532, "combined_mass": 76.9498564854186, "iters": 43}, "44": {"snr": 3.513256788253784, "mass1s": 38.70671555212198, "mass2s": 39.85950560126275, "combined_mass": 78.56622115338473, "iters": 44}, "45": {"snr": 3.3957293033599854, "mass1s": 36.79733570832393, "mass2s": 40.020418179185796, "combined_mass": 76.81775388750972, "iters": 45}, "46": {"snr": 3.3125267028808594, "mass1s": 37.86713647589326, "mass2s": 38.29082523413649, "combined_mass": 76.15796171002975, "iters": 46}, "47": {"snr": 3.4673519134521484, "mass1s": 38.58410203596836, "mass2s": 38.929082633173586, "combined_mass": 77.51318466914194, "iters": 47}, "48": {"snr": 3.339125633239746, "mass1s": 37.099893572658985, "mass2s": 33.6339523044875, "combined_mass": 70.73384587714648, "iters": 48}, "49": {"snr": 3.3368935585021973, "mass1s": 33.78425342755668, "mass2s": 31.597903856490934, "combined_mass": 65.38215728404761, "iters": 49}, "50": {"snr": 3.313528299331665, "mass1s": 35.62039898320752, "mass2s": 30.525266867013094, "combined_mass": 66.14566585022061, "iters": 50}, "51": {"snr": 3.2951245307922363, "mass1s": 36.39345000283872, "mass2s": 29.94672675432536, "combined_mass": 66.34017675716407, "iters": 51}, "52": {"snr": 3.0989389419555664, "mass1s": 38.346373935698644, "mass2s": 29.98158640929129, "combined_mass": 68.32796034498993, "iters": 52}, "53": {"snr": 3.2586610317230225, "mass1s": 41.84495399252188, "mass2s": 30.072961591661603, "combined_mass": 71.91791558418348, "iters": 53}, "54": {"snr": 2.971613645553589, "mass1s": 39.882981666054505, "mass2s": 28.11132396968666, "combined_mass": 67.99430563574117, "iters": 54}, "55": {"snr": 3.3029122352600098, "mass1s": 38.6347145175351, "mass2s": 27.436790092967446, "combined_mass": 66.07150461050254, "iters": 55}, "56": {"snr": 3.061474561691284, "mass1s": 37.3205260047018,