{"0": {"snr": 3.1168956756591797, "mass1s": 11.0, "mass2s": 11.0, "combined_mass": 22.0, "iters": 0}, "1": {"snr": 3.1242728233337402, "mass1s": 11.807606552568702, "mass2s": 11.575222875111796, "combined_mass": 23.382829427680498, "iters": 1}, "2": {"snr": 3.096418619155884, "mass1s": 13.810481444547126, "mass2s": 15.814168074273798, "combined_mass": 29.624649518820924, "iters": 2}, "3": {"snr": 3.139158010482788, "mass1s": 13.958169624858595, "mass2s": 16.871234012476425, "combined_mass": 30.82940363733502, "iters": 3}, "4": {"snr": 3.199765682220459, "mass1s": 15.746777824361576, "mass2s": 16.862502527391804, "combined_mass": 32.609280351753384, "iters": 4}, "5": {"snr": 3.0236432552337646, "mass1s": 19.53551500118955, "mass2s": 20.142836501988686, "combined_mass": 39.678351503178234, "iters": 5}, "6": {"snr": 3.159108877182007, "mass1s": 16.233501848124874, "mass2s": 17.717088489449537, "combined_mass": 33.95059033757441, "iters": 6}, "7": {"snr": 3.0402188301086426, "mass1s": 12.946375547508191, "mass2s": 16.28876093814682, "combined_mass": 29.235136485655012, "iters": 7}, "8": {"snr": 3.025998830795288, "mass1s": 11.465193733248135, "mass2s": 15.815824710719598, "combined_mass": 27.28101844396773, "iters": 8}, "9": {"snr": 3.227128744125366, "mass1s": 11.508481765151124, "mass2s": 12.699342708686068, "combined_mass": 24.207824473837192, "iters": 9}, "10": {"snr": 3.16935133934021, "mass1s": 13.685584512085029, "mass2s": 12.753020907651651, "combined_mass": 26.43860541973668, "iters": 10}, "11": {"snr": 3.25968599319458, "mass1s": 11.31221286465926, "mass2s": 11.590057900989898, "combined_mass": 22.902270765649156, "iters": 11}, "12": {"snr": 3.183100938796997, "mass1s": 21.070661232809748, "mass2s": 20.628428859196926, "combined_mass": 41.69909009200667, "iters": 12}, "13": {"snr": 3.600548028945923, "mass1s": 23.59948953265579, "mass2s": 24.13421238146514, "combined_mass": 47.73370191412093, "iters": 13}, "14": {"snr": 3.6658589839935303, "mass1s": 23.722450997255958, "mass2s": 25.91325278357212, "combined_mass": 49.63570378082808, "iters": 14}, "15": {"snr": 3.733860969543457, "mass1s": 26.572183065972684, "mass2s": 26.896004739315554, "combined_mass": 53.46818780528824, "iters": 15}, "16": {"snr": 3.7962825298309326, "mass1s": 26.27617158868315, "mass2s": 26.62041850713082, "combined_mass": 52.89659009581398, "iters": 16}, "17": {"snr": 3.7610766887664795, "mass1s": 26.46159610080875, "mass2s": 26.119014363152687, "combined_mass": 52.580610463961435, "iters": 17}, "18": {"snr": 3.7178080081939697, "mass1s": 27.142065244561458, "mass2s": 26.40440619674308, "combined_mass": 53.54647144130453, "iters": 18}, "19": {"snr": 3.550403594970703, "mass1s": 26.270328586156552, "mass2s": 24.654053591160743, "combined_mass": 50.9243821773173, "iters": 19}, "20": {"snr": 3.4242196083068848, "mass1s": 23.90618669011227, "mass2s": 22.898732034347898, "combined_mass": 46.804918724460165, "iters": 20}, "21": {"snr": 3.5418426990509033, "mass1s": 25.087100709593088, "mass2s": 25.855898803568437, "combined_mass": 50.942999513161524, "iters": 21}, "22": {"snr": 3.6974234580993652, "mass1s": 23.855506000468804, "mass2s": 26.38991117401619, "combined_mass": 50.245417174485, "iters": 22}, "23": {"snr": 3.6140050888061523, "mass1s": 24.00740583064654, "mass2s": 25.445025630529496, "combined_mass": 49.45243146117603, "iters": 23}, "24": {"snr": 3.7953779697418213, "mass1s": 26.845579972095276, "mass2s": 26.02590810209666, "combined_mass": 52.87148807419194, "iters": 24}, "25": {"snr": 3.680619716644287, "mass1s": 27.50963332560945, "mass2s": 26.213871375183437, "combined_mass": 53.72350470079289, "iters": 25}, "26": {"snr": 3.54415225982666, "mass1s": 25.862767522035746, "mass2s": 25.622672625275953, "combined_mass": 51.4854401473117, "iters": 26}, "27": {"snr": 3.625145435333252, "mass1s": 27.536657858830733, "mass2s": 27.03489047983822, "combined_mass": 54.571548338668954, "iters": 27}, "28": {"snr": 3.7345104217529297, "mass1s": 28.18205378949104, "mass2s": 26.89752709131062, "combined_mass": 55.07958088080166, "iters": 28}, "29": {"snr": 3.9905433654785156, "mass1s": 31.949436033369224, "mass2s": 28.961122642253972, "combined_mass": 60.91055867562319, "iters": 29}, "30": {"snr": 4.128986358642578, "mass1s": 33.18339704188293, "mass2s": 31.535344979851367, "combined_mass": 64.7187420217343, "iters": 30}, "31": {"snr": 4.157168388366699, "mass1s": 31.763944972938027, "mass2s": 33.21022206688307, "combined_mass": 64.9741670398211, "iters": 31}, "32": {"snr": 4.205652713775635, "mass1s": 30.859848461049666, "mass2s": 34.956330010886184, "combined_mass": 65.81617847193584, "iters": 32}, "33": {"snr": 4.166115760803223, "mass1s": 31.373953144586583, "mass2s": 33.68053458161048, "combined_mass": 65.05448772619707, "iters": 33}, "34": {"snr": 4.069413185119629, "mass1s": 31.527724635293314, "mass2s": 32.48485919429654, "combined_mass": 64.01258382958986, "iters": 34}, "35": {"snr": 3.9886186122894287, "mass1s": 30.32196937635195, "mass2s": 33.22857137296827, "combined_mass": 63.55054074932022, "iters": 35}, "36": {"snr": 3.9342989921569824, "mass1s": 29.075482982557407, "mass2s": 32.312233681513305, "combined_mass": 61.38771666407071, "iters": 36}, "37": {"snr": 4.002804279327393, "mass1s": 28.583332651263856, "mass2s": 32.25402045132441, "combined_mass": 60.83735310258827, "iters": 37}, "38": {"snr": 3.890536069869995, "mass1s": 25.86070788280838, "mass2s": 30.41380911991061, "combined_mass": 56.274517002718994, "iters": 38}, "39": {"snr": 3.827625036239624, "mass1s": 26.199282525691967, "mass2s": 29.295497164747225, "combined_mass": 55.49477969043919, "iters": 39}, "40": {"snr": 3.9913582801818848, "mass1s": 29.47240086611067, "mass2s": 31.39701221574531, "combined_mass": 60.86941308185598, "iters": 40}, "41": {"snr": 3.7116494178771973, "mass1s": 29.224022629249003, "mass2s": 28.56586717834684, "combined_mass": 57.78988980759584, "iters": 41}, "42": {"snr": 3.8459010124206543, "mass1s": 28.080551844060967, "mass2s": 27.45155820448859, "combined_mass": 55.532110048549555, "iters": 42}, "43": {"snr": 3.7472176551818848, "mass1s": 27.860031223981395, "mass2s": 29.66347369090613, "combined_mass": 57.523504914887525, "iters": 43}, "44": {"snr": 3.8906772136688232, "mass1s": 27.204198755335852, "mass2s": 28.95409777127315, "combined_mass": 56.15829652660901, "iters": 44}, "45": {"snr": 3.7940471172332764, "mass1s": 24.68755349686769, "mass2s": 28.519869746756562, "combined_mass": 53.20742324362425, "iters": 45}, "46": {"snr": 3.7128965854644775, "mass1s": 24.475709063290417, "mass2s": 25.6061797389109, "combined_mass": 50.08188880220132, "iters": 46}, "47": {"snr": 3.661083698272705, "mass1s": 24.259649803425184, "mass2s": 25.334783329026415, "combined_mass": 49.5944331324516, "iters": 47}, "48": {"snr": 3.4562346935272217, "mass1s": 24.016563226413876, "mass2s": 21.238180677324998, "combined_mass": 45.25474390373887, "iters": 48}, "49": {"snr": 3.5053110122680664, "mass1s": 23.442072283300742, "mass2s": 22.170441587090767, "combined_mass": 45.61251387039151, "iters": 49}, "50": {"snr": 3.4111061096191406, "mass1s": 25.190289126583576, "mass2s": 20.95680056050093, "combined_mass": 46.1470896870845, "iters": 50}, "51": {"snr": 3.226997137069702, "mass1s": 25.29755379420619, "mass2s": 19.482431738806888, "combined_mass": 44.779985533013075, "iters": 51}, "52": {"snr": 3.586752414703369, "mass1s": 27.84165188626511, "mass2s": 20.075472083584522, "combined_mass": 47.917123969849634, "iters": 52}, "53": {"snr": 3.6861565113067627, "mass1s": 31.176446038442432, "mass2s": 20.199133328791483, "combined_mass": 51.37557936723391, "iters": 53}, "54": {"snr": 3.408723831176758, "mass1s": 29.16405901936455, "mass2s": 18.064377510388717, "combined_mass": 47.22843652975327, "iters": 54}, "55": {"snr": 3.428334951400757, "mass1s": 27.897336030197927, "mass2s": 16.84851055433143, "combined_mass": 44.74584658452936, "iters": 55}, "56": {"snr": 3.612281084060669,