{"0": {"snr": 1.8034518957138062, "mass1s": 11.0, "mass2s": 11.0, "combined_mass": 22.0, "iters": 0}, "1": {"snr": 3.6161863803863525, "mass1s": 23.283426071675986, "mass2s": 24.666255499356488, "combined_mass": 47.94968157103247, "iters": 1}, "2": {"snr": 3.831991672515869, "mass1s": 25.813088915243043, "mass2s": 29.24964208259556, "combined_mass": 55.0627309978386, "iters": 2}, "3": {"snr": 3.6005353927612305, "mass1s": 24.207815713284653, "mass2s": 28.787184387154202, "combined_mass": 52.99500010043886, "iters": 3}, "4": {"snr": 3.723803758621216, "mass1s": 26.875534010672766, "mass2s": 29.71209401354779, "combined_mass": 56.58762802422056, "iters": 4}, "5": {"snr": 3.7137272357940674, "mass1s": 27.034318741874483, "mass2s": 29.502566052767552, "combined_mass": 56.536884794642035, "iters": 5}, "6": {"snr": 3.935871124267578, "mass1s": 27.081183525411443, "mass2s": 30.26640669128946, "combined_mass": 57.34759021670091, "iters": 6}, "7": {"snr": 3.761836051940918, "mass1s": 27.19864567081584, "mass2s": 32.05302788356852, "combined_mass": 59.251673554384354, "iters": 7}, "8": {"snr": 3.964235782623291, "mass1s": 25.504734744560235, "mass2s": 32.10641114502432, "combined_mass": 57.61114588958455, "iters": 8}, "9": {"snr": 3.8285133838653564, "mass1s": 27.449384167086695, "mass2s": 33.50939875433751, "combined_mass": 60.9587829214242, "iters": 9}, "10": {"snr": 3.712303638458252, "mass1s": 31.605032022815866, "mass2s": 32.99246144363067, "combined_mass": 64.59749346644654, "iters": 10}, "11": {"snr": 3.850200891494751, "mass1s": 30.7685659127135, "mass2s": 33.063259292029, "combined_mass": 63.8318252047425, "iters": 11}, "12": {"snr": 3.866241693496704, "mass1s": 29.51341632307409, "mass2s": 31.367192300280568, "combined_mass": 60.88060862335466, "iters": 12}, "13": {"snr": 3.841893196105957, "mass1s": 30.579016278002836, "mass2s": 33.2967128194975, "combined_mass": 63.87572909750034, "iters": 13}, "14": {"snr": 3.99737286567688, "mass1s": 29.39070540759708, "mass2s": 33.81146180638063, "combined_mass": 63.2021672139777, "iters": 14}, "15": {"snr": 4.017934322357178, "mass1s": 29.749468831694816, "mass2s": 32.462935497601514, "combined_mass": 62.212404329296334, "iters": 15}, "16": {"snr": 3.723187208175659, "mass1s": 31.362154639163375, "mass2s": 34.063766634067214, "combined_mass": 65.42592127323059, "iters": 16}, "17": {"snr": 3.8301103115081787, "mass1s": 32.04270394955706, "mass2s": 34.0069021264626, "combined_mass": 66.04960607601966, "iters": 17}, "18": {"snr": 3.9130403995513916, "mass1s": 34.001046682035685, "mass2s": 35.51903131214109, "combined_mass": 69.52007799417677, "iters": 18}, "19": {"snr": 4.011209011077881, "mass1s": 33.449733432973545, "mass2s": 34.132531788619566, "combined_mass": 67.5822652215931, "iters": 19}, "20": {"snr": 3.7710812091827393, "mass1s": 32.178007698600545, "mass2s": 33.54007528380641, "combined_mass": 65.71808298240695, "iters": 20}, "21": {"snr": 4.00717306137085, "mass1s": 32.18915608175648, "mass2s": 35.22622298913697, "combined_mass": 67.41537907089345, "iters": 21}, "22": {"snr": 3.9400758743286133, "mass1s": 32.33893849127184, "mass2s": 37.06683588090334, "combined_mass": 69.40577437217519, "iters": 22}, "23": {"snr": 3.989871025085449, "mass1s": 32.65576538682204, "mass2s": 36.26180604261827, "combined_mass": 68.9175714294403, "iters": 23}, "24": {"snr": 4.005572319030762, "mass1s": 33.13408708761554, "mass2s": 34.57822617728758, "combined_mass": 67.71231326490312, "iters": 24}, "25": {"snr": 4.012271881103516, "mass1s": 33.25630351441613, "mass2s": 34.21384858337652, "combined_mass": 67.47015209779265, "iters": 25}, "26": {"snr": 4.008665084838867, "mass1s": 32.78433216759407, "mass2s": 34.83174917280484, "combined_mass": 67.61608134039892, "iters": 26}, "27": {"snr": 3.9796314239501953, "mass1s": 33.13355481034196, "mass2s": 34.89275897663182, "combined_mass": 68.02631378697379, "iters": 27}, "28": {"snr": 3.9199633598327637, "mass1s": 33.41347493535997, "mass2s": 33.08850474910622, "combined_mass": 66.50197968446619, "iters": 28}, "29": {"snr": 3.6590583324432373, "mass1s": 36.6934008351701, "mass2s": 34.62996255383471, "combined_mass": 71.32336338900481, "iters": 29}, "30": {"snr": 3.976759910583496, "mass1s": 38.32669945950159, "mass2s": 37.65867481172043, "combined_mass": 75.98537427122201, "iters": 30}, "31": {"snr": 3.986595630645752, "mass1s": 37.03507337724859, "mass2s": 39.49078483564157, "combined_mass": 76.52585821289016, "iters": 31}, "32": {"snr": 3.9674839973449707, "mass1s": 35.36254710638173, "mass2s": 40.52846582990576, "combined_mass": 75.8910129362875, "iters": 32}, "33": {"snr": 3.974106788635254, "mass1s": 36.34596986178761, "mass2s": 39.61441287228355, "combined_mass": 75.96038273407116, "iters": 33}, "34": {"snr": 3.933995246887207, "mass1s": 36.15861422961361, "mass2s": 38.019245135981905, "combined_mass": 74.17785936559551, "iters": 34}, "35": {"snr": 3.7908966541290283, "mass1s": 34.6322662347054, "mass2s": 38.53136651394647, "combined_mass": 73.16363274865188, "iters": 35}, "36": {"snr": 3.7657032012939453, "mass1s": 33.09182881068794, "mass2s": 37.330007586953975, "combined_mass": 70.42183639764193, "iters": 36}, "37": {"snr": 3.9888055324554443, "mass1s": 32.144831179241486, "mass2s": 36.81843337926142, "combined_mass": 68.96326455850291, "iters": 37}, "38": {"snr": 3.7317750453948975, "mass1s": 29.45786524757326, "mass2s": 35.0496701355181, "combined_mass": 64.50753538309135, "iters": 38}, "39": {"snr": 4.045466899871826, "mass1s": 29.329498261623204, "mass2s": 33.3343995417617, "combined_mass": 62.6638978033849, "iters": 39}, "40": {"snr": 3.784768581390381, "mass1s": 31.507059784773418, "mass2s": 34.32639549717639, "combined_mass": 65.83345528194981, "iters": 40}, "41": {"snr": 3.8065803050994873, "mass1s": 33.024083432217935, "mass2s": 32.879748614884605, "combined_mass": 65.90383204710254, "iters": 41}, "42": {"snr": 3.9283368587493896, "mass1s": 33.32288238442827, "mass2s": 33.227701606297245, "combined_mass": 66.55058399072551, "iters": 42}, "43": {"snr": 3.9974803924560547, "mass1s": 32.84562227358649, "mass2s": 35.42600931856258, "combined_mass": 68.27163159214908, "iters": 43}, "44": {"snr": 3.965583324432373, "mass1s": 33.343634372999055, "mass2s": 35.806445243798244, "combined_mass": 69.1500796167973, "iters": 44}, "45": {"snr": 3.7403464317321777, "mass1s": 30.59475772168651, "mass2s": 35.046703944028025, "combined_mass": 65.64146166571453, "iters": 45}, "46": {"snr": 3.7081902027130127, "mass1s": 31.749529488794998, "mass2s": 33.494151540742365, "combined_mass": 65.24368102953736, "iters": 46}, "47": {"snr": 3.9199180603027344, "mass1s": 32.43409989156919, "mass2s": 34.08528268021143, "combined_mass": 66.51938257178062, "iters": 47}, "48": {"snr": 3.984524965286255, "mass1s": 31.72855563613366, "mass2s": 29.82341820865164, "combined_mass": 61.551973844785294, "iters": 48}, "49": {"snr": 3.7867724895477295, "mass1s": 29.83622772568346, "mass2s": 29.19024669751421, "combined_mass": 59.02647442319767, "iters": 49}, "50": {"snr": 4.022485733032227, "mass1s": 30.60151842638796, "mass2s": 27.293516695208744, "combined_mass": 57.895035121596706, "iters": 50}, "51": {"snr": 3.7534332275390625, "mass1s": 31.881358399494985, "mass2s": 27.37900358213945, "combined_mass": 59.26036198163443, "iters": 51}, "52": {"snr": 3.698991060256958, "mass1s": 33.50144138305796, "mass2s": 26.930614451967248, "combined_mass": 60.43205583502521, "iters": 52}, "53": {"snr": 4.030646800994873, "mass1s": 36.26818401822554, "mass2s": 26.371683163645404, "combined_mass": 62.63986718187094, "iters": 53}, "54": {"snr": 3.84000825881958, "mass1s": 35.48483878042413, "mass2s": 25.93843212335958, "combined_mass": 61.4232709037837, "iters": 54}, "55": {"snr": 3.698455572128296, "mass1s": 36.603219814177635, "mass2s": 28.222001411670846, "combined_mass": 64.82522122584848, "iters": 55}, "56": {"snr": 3.6930830478668213, "mass1s": 34.44421308738976, "mass2s": 30.624590195593218,