{"0": {"snr": 2.0167412757873535, "mass1s": 11.0, "mass2s": 11.0, "combined_mass": 22.0, "iters": 0}, "1": {"snr": 2.2039856910705566, "mass1s": 11.807606552568702, "mass2s": 11.575222875111796, "combined_mass": 23.382829427680498, "iters": 1}, "2": {"snr": 2.08039927482605, "mass1s": 12.739923768291423, "mass2s": 14.697086461925242, "combined_mass": 27.437010230216664, "iters": 2}, "3": {"snr": 2.5863614082336426, "mass1s": 20.287904523962236, "mass2s": 22.148634217388253, "combined_mass": 42.43653874135049, "iters": 3}, "4": {"snr": 2.785905361175537, "mass1s": 24.196648224492325, "mass2s": 24.24818539336909, "combined_mass": 48.44483361786142, "iters": 4}, "5": {"snr": 2.7312209606170654, "mass1s": 22.189250955504022, "mass2s": 22.015662787648953, "combined_mass": 44.20491374315297, "iters": 5}, "6": {"snr": 2.4908857345581055, "mass1s": 23.43624310224594, "mass2s": 24.123952707863367, "combined_mass": 47.560195810109306, "iters": 6}, "7": {"snr": 2.5967602729797363, "mass1s": 23.931492554555128, "mass2s": 26.330975741544474, "combined_mass": 50.2624682960996, "iters": 7}, "8": {"snr": 2.404031753540039, "mass1s": 25.8066119578846, "mass2s": 29.56621129899503, "combined_mass": 55.37282325687963, "iters": 8}, "9": {"snr": 2.7482967376708984, "mass1s": 25.43352796593991, "mass2s": 28.869864266017153, "combined_mass": 54.30339223195706, "iters": 9}, "10": {"snr": 2.438462972640991, "mass1s": 26.726678387649038, "mass2s": 25.823255636481253, "combined_mass": 52.549934024130295, "iters": 10}, "11": {"snr": 2.7809524536132812, "mass1s": 26.849059628918912, "mass2s": 26.85713908784852, "combined_mass": 53.70619871676743, "iters": 11}, "12": {"snr": 2.548239231109619, "mass1s": 27.643739581916375, "mass2s": 27.16556779133343, "combined_mass": 54.80930737324981, "iters": 12}, "13": {"snr": 2.7617599964141846, "mass1s": 25.233652286350164, "mass2s": 25.66568388045898, "combined_mass": 50.89933616680915, "iters": 13}, "14": {"snr": 2.3962833881378174, "mass1s": 26.66651982689173, "mass2s": 28.736550200813884, "combined_mass": 55.40307002770561, "iters": 14}, "15": {"snr": 2.4169251918792725, "mass1s": 27.471286915274412, "mass2s": 27.7699155338006, "combined_mass": 55.24120244907501, "iters": 15}, "16": {"snr": 2.510816812515259, "mass1s": 27.29859431133073, "mass2s": 27.611589139302883, "combined_mass": 54.91018345063361, "iters": 16}, "17": {"snr": 2.521421194076538, "mass1s": 25.341321282484277, "mass2s": 24.05212403009047, "combined_mass": 49.39344531257475, "iters": 17}, "18": {"snr": 2.551804304122925, "mass1s": 25.038643336570082, "mass2s": 22.706301551289464, "combined_mass": 47.744944887859546, "iters": 18}, "19": {"snr": 2.437037229537964, "mass1s": 28.352038216309996, "mass2s": 24.18230584915393, "combined_mass": 52.53434406546393, "iters": 19}, "20": {"snr": 2.74094820022583, "mass1s": 25.35061557141902, "mass2s": 22.809904891323917, "combined_mass": 48.16052046274294, "iters": 20}, "21": {"snr": 2.7555394172668457, "mass1s": 24.822509479250563, "mass2s": 26.614522666596617, "combined_mass": 51.43703214584718, "iters": 21}, "22": {"snr": 2.479414463043213, "mass1s": 23.43691011937604, "mass2s": 29.579477149741376, "combined_mass": 53.016387269117416, "iters": 22}, "23": {"snr": 2.500202178955078, "mass1s": 27.834455874661092, "mass2s": 30.816114893359057, "combined_mass": 58.650570768020145, "iters": 23}, "24": {"snr": 2.7240817546844482, "mass1s": 28.383490313521555, "mass2s": 25.97693078645543, "combined_mass": 54.36042109997699, "iters": 24}, "25": {"snr": 2.606628656387329, "mass1s": 27.809966374582498, "mass2s": 24.106174622532386, "combined_mass": 51.91614099711488, "iters": 25}, "26": {"snr": 2.500683069229126, "mass1s": 24.355421950523702, "mass2s": 23.23790165862298, "combined_mass": 47.59332360914668, "iters": 26}, "27": {"snr": 2.777475357055664, "mass1s": 27.720674126770678, "mass2s": 25.98248031545679, "combined_mass": 53.70315444222747, "iters": 27}, "28": {"snr": 2.4603347778320312, "mass1s": 28.277822916395497, "mass2s": 24.505552396867078, "combined_mass": 52.783375313262574, "iters": 28}, "29": {"snr": 2.6640496253967285, "mass1s": 31.711582265092503, "mass2s": 26.305359433971184, "combined_mass": 58.016941699063686, "iters": 29}}