{"0": {"snr": 2.235055685043335, "mass1s": 11.0, "mass2s": 11.0, "combined_mass": 22.0, "iters": 0}, "1": {"snr": 2.9373791217803955, "mass1s": 27.666023518117637, "mass2s": 29.04885294579814, "combined_mass": 56.71487646391577, "iters": 1}, "2": {"snr": 3.171780586242676, "mass1s": 25.615929386510743, "mass2s": 29.237199955725405, "combined_mass": 54.853129342236144, "iters": 2}, "3": {"snr": 3.267498016357422, "mass1s": 27.22188197731797, "mass2s": 31.68031506956301, "combined_mass": 58.902197046880985, "iters": 3}, "4": {"snr": 3.2508816719055176, "mass1s": 28.44152913856675, "mass2s": 31.30844555140127, "combined_mass": 59.74997468996802, "iters": 4}, "5": {"snr": 3.1389808654785156, "mass1s": 25.974327077621307, "mass2s": 28.681556763294257, "combined_mass": 54.655883840915564, "iters": 5}, "6": {"snr": 2.858635663986206, "mass1s": 25.17412015390958, "mass2s": 28.65355643129996, "combined_mass": 53.827676585209545, "iters": 6}, "7": {"snr": 3.1137161254882812, "mass1s": 25.619319496593906, "mass2s": 30.67443274373721, "combined_mass": 56.293752240331116, "iters": 7}, "8": {"snr": 2.9166676998138428, "mass1s": 23.71436235146623, "mass2s": 30.513597910248052, "combined_mass": 54.22796026171429, "iters": 8}, "9": {"snr": 3.267869234085083, "mass1s": 26.578924350668107, "mass2s": 32.59466946835227, "combined_mass": 59.17359381902038, "iters": 9}, "10": {"snr": 3.0393481254577637, "mass1s": 30.131104958017094, "mass2s": 31.628104259011952, "combined_mass": 61.759209217029046, "iters": 10}, "11": {"snr": 3.2616429328918457, "mass1s": 31.372098224220068, "mass2s": 33.72401405461893, "combined_mass": 65.096112278839, "iters": 11}, "12": {"snr": 3.2990951538085938, "mass1s": 30.548762738899278, "mass2s": 32.47047196539305, "combined_mass": 63.01923470429233, "iters": 12}, "13": {"snr": 3.1711208820343018, "mass1s": 31.400368913513102, "mass2s": 34.21956156567803, "combined_mass": 65.61993047919113, "iters": 13}, "14": {"snr": 3.236006736755371, "mass1s": 30.404666943475558, "mass2s": 34.95134286590802, "combined_mass": 65.35600980938358, "iters": 14}, "15": {"snr": 3.3432788848876953, "mass1s": 30.679893042310272, "mass2s": 33.56524619235563, "combined_mass": 64.2451392346659, "iters": 15}, "16": {"snr": 3.3167810440063477, "mass1s": 30.788723412738502, "mass2s": 33.73307007362476, "combined_mass": 64.52179348636326, "iters": 16}, "17": {"snr": 3.3747332096099854, "mass1s": 30.672552929901887, "mass2s": 32.96226651767029, "combined_mass": 63.63481944757217, "iters": 17}, "18": {"snr": 3.2191927433013916, "mass1s": 31.719911455435813, "mass2s": 33.61640105378952, "combined_mass": 65.33631250922534, "iters": 18}, "19": {"snr": 3.3228297233581543, "mass1s": 31.020473757418614, "mass2s": 32.11474362802724, "combined_mass": 63.135217385445856, "iters": 19}, "20": {"snr": 3.3658640384674072, "mass1s": 30.85444132423158, "mass2s": 32.618652968044955, "combined_mass": 63.473094292276535, "iters": 20}, "21": {"snr": 3.3544821739196777, "mass1s": 30.35567087982399, "mass2s": 33.81967029253641, "combined_mass": 64.17534117236039, "iters": 21}, "22": {"snr": 3.320531129837036, "mass1s": 29.73728819735538, "mass2s": 34.98380134968999, "combined_mass": 64.72108954704537, "iters": 22}, "23": {"snr": 3.255160331726074, "mass1s": 30.533689076604666, "mass2s": 34.68584118665676, "combined_mass": 65.21953026326142, "iters": 23}, "24": {"snr": 3.300524950027466, "mass1s": 30.480078833206715, "mass2s": 32.55138285018998, "combined_mass": 63.0314616833967, "iters": 24}, "25": {"snr": 3.1647632122039795, "mass1s": 32.02933965536467, "mass2s": 33.58807619751851, "combined_mass": 65.61741585288318, "iters": 25}, "26": {"snr": 3.375406503677368, "mass1s": 30.47447505896384, "mass2s": 33.17620138162964, "combined_mass": 63.65067644059348, "iters": 26}, "27": {"snr": 3.305661201477051, "mass1s": 31.141306667272527, "mass2s": 33.57560557121913, "combined_mass": 64.71691223849166, "iters": 27}, "28": {"snr": 3.2743823528289795, "mass1s": 30.611324260430354, "mass2s": 32.294809051413964, "combined_mass": 62.906133311844314, "iters": 28}, "29": {"snr": 3.4297280311584473, "mass1s": 32.791177682260276, "mass2s": 33.78108716523412, "combined_mass": 66.5722648474944, "iters": 29}, "30": {"snr": 3.5444583892822266, "mass1s": 34.482446556738815, "mass2s": 36.006468457842374, "combined_mass": 70.48891501458118, "iters": 30}, "31": {"snr": 3.5461227893829346, "mass1s": 33.55155252816284, "mass2s": 36.24474587927057, "combined_mass": 69.7962984074334, "iters": 31}, "32": {"snr": 3.5563900470733643, "mass1s": 33.31917163063689, "mass2s": 37.0070272534911, "combined_mass": 70.32619888412799, "iters": 32}, "33": {"snr": 3.543508291244507, "mass1s": 33.36153575695988, "mass2s": 36.39460572756707, "combined_mass": 69.75614148452695, "iters": 33}, "34": {"snr": 3.540881395339966, "mass1s": 33.59531230599966, "mass2s": 36.1273341671888, "combined_mass": 69.72264647318846, "iters": 34}, "35": {"snr": 3.5492966175079346, "mass1s": 33.288420579647344, "mass2s": 36.553543169406055, "combined_mass": 69.8419637490534, "iters": 35}, "36": {"snr": 3.488041639328003, "mass1s": 32.769259075627254, "mass2s": 36.180122061757565, "combined_mass": 68.94938113738482, "iters": 36}, "37": {"snr": 3.5385749340057373, "mass1s": 33.08237269017283, "mass2s": 36.61480723347194, "combined_mass": 69.69717992364477, "iters": 37}, "38": {"snr": 3.50628399848938, "mass1s": 32.79022920002434, "mass2s": 36.6273628240378, "combined_mass": 69.41759202406215, "iters": 38}, "39": {"snr": 3.548708915710449, "mass1s": 33.82779289357798, "mass2s": 37.08968554012268, "combined_mass": 70.91747843370067, "iters": 39}, "40": {"snr": 3.884315252304077, "mass1s": 35.931406912409514, "mass2s": 38.77430447057549, "combined_mass": 74.705711382985, "iters": 40}, "41": {"snr": 3.9378445148468018, "mass1s": 35.46485452204948, "mass2s": 37.376557565601054, "combined_mass": 72.84141208765053, "iters": 41}, "42": {"snr": 3.96433424949646, "mass1s": 35.70942844692095, "mass2s": 37.64533699298079, "combined_mass": 73.35476543990174, "iters": 42}, "43": {"snr": 3.9670445919036865, "mass1s": 35.301627784227385, "mass2s": 38.158668341431614, "combined_mass": 73.460296125659, "iters": 43}, "44": {"snr": 3.9660866260528564, "mass1s": 35.36197100695261, "mass2s": 38.20983476444135, "combined_mass": 73.57180577139395, "iters": 44}, "45": {"snr": 3.9186272621154785, "mass1s": 34.55227837989323, "mass2s": 38.0960616479578, "combined_mass": 72.64834002785102, "iters": 45}, "46": {"snr": 3.9651613235473633, "mass1s": 35.324847600523974, "mass2s": 37.995356826441295, "combined_mass": 73.32020442696526, "iters": 46}, "47": {"snr": 3.963618755340576, "mass1s": 35.499081725649454, "mass2s": 38.17020799809989, "combined_mass": 73.66928972374934, "iters": 47}, "48": {"snr": 3.5824594497680664, "mass1s": 34.76629143351102, "mass2s": 36.28097410026998, "combined_mass": 71.047265533781, "iters": 48}, "49": {"snr": 3.9182240962982178, "mass1s": 35.36730154071658, "mass2s": 37.28659542654005, "combined_mass": 72.65389696725663, "iters": 49}, "50": {"snr": 3.891956090927124, "mass1s": 36.775942707561725, "mass2s": 37.807595038005765, "combined_mass": 74.5835377455675, "iters": 50}, "51": {"snr": 3.955639600753784, "mass1s": 36.56950191110199, "mass2s": 37.21557333704348, "combined_mass": 73.78507524814546, "iters": 51}, "52": {"snr": 3.91589617729187, "mass1s": 37.12329877674149, "mass2s": 37.21641242251732, "combined_mass": 74.33971119925882, "iters": 52}, "53": {"snr": 3.963508129119873, "mass1s": 37.17134122870691, "mass2s": 36.22260612358386, "combined_mass": 73.39394735229077, "iters": 53}, "54": {"snr": 3.928466796875, "mass1s": 36.819500556362165, "mass2s": 35.930534897654155, "combined_mass": 72.75003545401631, "iters": 54}, "55": {"snr": 3.930739164352417, "mass1s": 37.41964859304663, "mass2s": 36.75681259187667, "combined_mass": 74.1764611849233, "iters": 55}, "56": {"snr": 3.8720197677612305, "mass1s": 35.47006936453976, "mass2s": 39.38866985961661,