{"event_name": "simulated_signal", "strain": "50_80", "snr": 3.196157217025757, "mass1": 15.83286600460042, "mass2": 19.237309315347407, "final_mass": 35.07017531994783, "iter": 2, "total_iters": 27, "time": 0.9961142539978027}